,2019,Average,Temporal
Temporal,0.9194139194139194,0.8131868131868132,1.0
Average,0.9572649572649573,1.0,0.8131868131868132
2019,1.0,0.9572649572649573,0.9194139194139194
