,2019,Average,Temporal
Temporal,0.8968035932321646,0.7937816152101866,1.0
Average,0.9618219082504796,1.0,0.7937816152101866
2019,1.0,0.9618219082504796,0.8968035932321646
